{
    "schemaVersion": "1.0.0",
    "imports": [
    ],
    "lifecycleHooks": {
        "onMount": "buildTitle",
        "onUpdate": {
            "action": "buildTitle",
            "observers": [ "props.subPanelContext.searchState" ]
        }
    },
    "data": {
        "crumbTitle": null
    },
    "actions": {       
        "buildTitle": {
            "actionType": "JSFunctionAsync",
            "method": "buildTitle",
            "inputData": {
                "searchObject": "{{props.subPanelContext.searchState}}"
            },
            "outputData": {
                "crumbTitle": ""
            },
            "deps": "js/viewerProductSnapshotService"
        }
    },
    "onEvent": [],
    "props": {
        "sub-panel-context": {
            "type": "object"
        }
    }
}
