{
    "schemaVersion" : "1.0.0",
    "imports": [],
    "actions" :{
        "renderTextBox":{
            "actionType": "JSFunction",
            "method": "renderTextBox",
            "inputData":
            {
                "param":"{{props.vmo}}",
                "snapshotEditInline":"{{data.snapshotEditInline}}"
            },
            "outputData":{
                "snapshotEditInline":""
            },
            "deps": "js/viewerProductSnapshotService"
        },
        "handleInlineEdit": {
            "actionType": "JSFunction",
            "method": "handleTextEditClick",
            "inputData": {
                "item": "{{props.vmo}}",
                "data":"{{data}}"
            },
            "outputData":{
                "snapshotEditInline":"snapshotEditInline",
                "modifyProductSnapshotObject":"modifyProductSnapshotObject"
            },
            "deps": "js/viewerProductSnapshotService"
        },
        "renameProductSnapshotAction": {
            "actionType": "JSFunction",
            "method": "inlineRenameProductSnapshot",
            "inputData": {
                "item": "{{props.vmo}}",
                "dataprovider": "{{props.context.data.dataProviders.productSnapshotCardViewDataProvider}}",
                "data":"{{data}}"
            },
            "outputData":{
                "snapshotEditInline":"snapshotEditInline",
                "modifyProductSnapshotObject":"modifyProductSnapshotObject"
            },
            "deps": "js/viewerProductSnapshotService"
        },
        "disableInlineEdit": {
            "actionType": "JSFunction",
            "method": "disableInlineEdit",
            "inputData": {
                "selectedSnapshot":"{{props.context.data.dataProviders.productSnapshotCardViewDataProvider.selectedObjects[0]}}",
                "item":"{{props.vmo}}",
                "data":"{{data}}"
            },
            "outputData":{
                "snapshotEditInline":"snapshotEditInline",
                "modifyProductSnapshotObject":"modifyProductSnapshotObject"
            },
            "deps": "js/viewerProductSnapshotService"
        },
        "handleThumbnailClick": {
            "actionType": "JSFunction",
            "method": "handleThumbnailClick",
            "inputData": {
                "item":"{{props.vmo}}",
                "data":"{{data}}"
            },
            "outputData":{
                "snapshotEditInline":"snapshotEditInline",
                "modifyProductSnapshotObject":"modifyProductSnapshotObject"
            },
            "deps": "js/viewerProductSnapshotService"
        },
        "selectProductSnapshot":{
            "actionType": "JSFunction",
            "method": "selectProductSnapshot",
            "inputData": {
                "item":"{{props.vmo}}",
                "dataProvider":"{{props.context.data.dataProviders.productSnapshotCardViewDataProvider}}"
            },
            "deps": "js/viewerProductSnapshotService"
        }
    },

    "onEvent": [

    ],

    "data":{
        "snapshotEditInline":
        {
            "type": "STRING",
            "isRequired": "false",
            "isEditable": "false",
            "dbValue": "",
            "dispValue": ""
        }
    },
    "props":{
        "context":{
            "type":"Object"
        },
        "vmo":{
            "type":"Object"
        },
        "command-anchor":{
            "type":"String"
        }
    },
    "lifecycleHooks": {
        "onMount": "renderTextBox",
        "onUpdate": [ {
                "action": "renderTextBox",
                "observers": [ "props.context.snapshotPanelData.renderTextbox" ]
            },
            {
                "action": "disableInlineEdit",
                "observers": [ "props.context.data.dataProviders.productSnapshotCardViewDataProvider.selectedObjects" ]
            }
        ]
    },
    "i18n":
    {
        "updatedProductSnapshotSuccessfully": [ "ViewerSnapshotMessages" ],
        "failedToUpdate":["ViewerSnapshotMessages"]
    }
}

