{
    "schemaVersion" : "1.0.0",
    "imports": [],
    "actions" :{
        "selectSessionSnapshot":{
            "actionType": "JSFunction",
            "method": "selectSessionSnapshot",
            "inputData": {
                "item":"{{props.vmo}}",
                "dataProvider":"{{props.context.data.dataProviders.snapshotCardViewDataProvider}}"
            },
            "deps": "js/viewerSnapshotService"
        }
    },
    "props":{
        "context":{
            "type":"Object"
        },
        "vmo":{
            "type":"Object"
        }
    }
}

