{
    "schemaVersion" : "1.0.0",
    "imports": [
        "js/aw-panel-body.directive",
        "js/aw-pic.directive"
    ],
    "actions" :{
        "reveal":
        {
            "actionType": "TcSoaService",
            "serviceName": "Internal-AWS2-2017-06-DataManagement",
            "method": "getViewerData",
            "deps": "js/SnapshotSearchFilterService",
            "inputData":
            {
                "inputs":{
                    "obj":{
                       "uid":"{{ctx.selected.uid}}",
                       "type":"Fnd0Snapshot"
                    },
                    "direction":""
                }
            },
            "outputData":
            {
                "imageURL": "{{function:getSnapshotImageFileUrl}}"
            }
        }
    },
    "functions":
    {
        "getSnapshotImageFileUrl":{
            "functionName": "getSnapshotImageFileUrl",
            "parameters": [
                "{{data}}"
            ]
        }
    },
    "lifecycleHooks": {
        "onMount": "reveal"
    },
    "i18n":{
    }
}

