{
    "schemaVersion" : "1.0.0",
    "actions" :{
        "updateSnapshotAction":{
            "actionType": "JSFunction",
            "method": "renameSnapshotAndNotify",
            "inputData":
            {
                "snapshotName": "{{data.snapshotName.dbValue}}",
                "i18n":"{{i18n}}",
                "snapshotPanelData":"{{subPanelContext.snapshotPanelData}}"
            },
            "deps": "js/viewerSnapshotService"
        }
    },


    "data":{
        "snapshotName":
        {
            "displayName": "{{i18n.newSnapshotNameLabel}}",
            "type": "STRING",
            "maxLength": 90,
            "isRequired": "true",
            "isEditable": "true",
            "dbValue":"{{subPanelContext.snapshotPanelData.snapshotBeingEdit.cellHeader1}}"
        }
    },

    "conditions":
    {
        "isValidToUpdateSnapshot":
        {
            "expression": "data.snapshotName.dbValue"
        }
    },

    "i18n":
    {
        "updateButtonText": [ "ViewerSnapshotMessages" ],
        "editSnapshot": [ "ViewerSnapshotMessages" ],
        "newSnapshotNameLabel": [ "ViewerSnapshotMessages" ],
        "updatedSnapshotSuccessfully": [ "ViewerSnapshotMessages" ],
        "failedToUpdate": [ "ViewerSnapshotMessages" ]
    }
}

