{
  "mySnapshotGallerylocation": {
    "data": {
      "browserTitle": {
        "source": "/i18n/ViewerSnapshotMessages",
        "key": "mySnapshotGalleryDisplayName"
      },
      "browserSubTitle": {
        "source": "/i18n/ViewerSnapshotMessages",
        "key": "mySnapshotGalleryDisplayName"
      },
      "headerTitle": {
        "source": "/i18n/ViewerSnapshotMessages",
        "key": "mySnapshotGalleryDisplayName"
      }
    },
    "view": "AwSearchLocation",
    "parent": "root"
  },
  "mySnapshots": {
    "data": {
      "priority": 0,
      "label": {
        "source": "/i18n/ViewerSnapshotMessages",
        "key": "mySnapshotsDisplayName"
      }
    },
    "params": {
      "searchCriteria": null,
      "filter": null,
      "fieldName": "POM_application_object.creation_date",
      "sortOrder": "DESC"
    },
    "url": "/mySnapshots",
    "parent": "mySnapshotGallerylocation",
    "view": "AwMySnapshotsPage"
  },
  "sharedByMeSnapshots": {
    "data": {
      "priority": 1,
      "label": {
        "source": "/i18n/ViewerSnapshotMessages",
        "key": "sharedByMeSnapshots"
      }
    },
    "params": {
      "searchCriteria": null,
      "filter": null,
      "fieldName": "POM_application_object.creation_date",
      "sortOrder": "DESC"
    },
    "url": "/sharedByMeSnapshots",
    "parent": "mySnapshotGallerylocation",
    "view": "AwSharedByMeSnapshotsPage"
  },
  "sharedwithMeSnapshots": {
    "data": {
      "priority": 2,
      "label": {
        "source": "/i18n/ViewerSnapshotMessages",
        "key": "sharedwithMeSnapshots"
      }
    },
    "params": {
      "searchCriteria": null,
      "filter": null,
      "fieldName": "POM_application_object.creation_date",
      "sortOrder": "DESC"
    },
    "url": "/sharedWithMeSnapshots",
    "parent": "mySnapshotGallerylocation",
    "view": "AwSharedWithMeSnapshotsPage"
  }
}
